FirstName, LastName, Address, Gender, Field
NIMESHLLAMATYALLPATANLLLMALELLBIT
NIMESHLLAMATYALLPATANLLLMALELLBIT
NIMESHLLAMATYALLPATANLLLMALELLBIT
NIMESHLLAMATYALLPATANLLLMALELLBIT
NIMESHLLAMATYALLPATANLLLMALELLBIT
NIMESHLLAMATYALLPATANLLLMALELLBIT
NIMESHLLAMATYALLPATANLLLMALELLBIT
NIMESHLLAMATYALLPATANLLLMALELLBIT
NIMESHLLAMATYALLPATANLLLMALELLBIT
NIMESHLLAMATYALLPATANLLLMALELLBIT
NIMESHLLAMATYALLPATANLLLMALELLBIT
NIMESHLLAMATYALLPATANLLLMALELLBIT
NIMESHLLAMATYALLPATANLLLMALELLBIT
NIMESHLLAMATYALLPATANLLLMALELLBIT
NIMESHLLAMATYALLPATANLLLMALELLBIT
NIMESHLLAMATYALLPATANLLLMALELLBIT
NIMESHLLAMATYALLPATANLLLMALELLBIT
SDNDESHLACHARYALLALITPURMALELLLZP
NIMESHLLAMATYALLPATANLLLMALELLBIT
SDNDESHLACHARYALLALITPURMALELLLZP
NIMESHLLAMATYALLPATANLLLMALELLBIT
SDNDESHLACHARYALLALITPURMALELLLZP
NIMESHLLAMATYALLPATANLLLMALELLBIT
NIMESHLLAMATYALLPATANLLLMALELLBIT
NIMESHLLAMATYALLPATANLLLMALELLBIT
NIMESHLLAMATYALLPATANLLLMALELLBIT
NIMESHLLAMATYALLPATANLLLMALELLBIT
NIMESHLLAMATYALLPATANLLLMALELLBIT
NIMESHLLAMATYALLPATANLLLMALELLBIT
NIMESHLLAMATYALLPATANLLLMALELLBIT
NIMESHLLAMATYALLPATANLLLMALELLBIT
NIMESHLLAMATYALLPATANLLLMALELLBIT
NIMESHLLAMATYALLPATANLLLMALELLBIT
NIMESHLLAMATYALLPATANLLLMALELLBIT
NIMESHLLAMATYALLPATANLLLMALELLBIT
NIMESHLLAMATYALLPATANLLLMALELLBIT
NIMESHLLAMATYALLPATANLLLMALELLBIT
NIMESHLLAMATYALLPATANLLLMALELLBIT
NIMESHLLAMATYALLPATANLLLMALELLBIT
NIMESHLLAMATYALLPATANLLLMALELLBIT
NIMESHLLAMATYALLPATANLLLMALELLBIT
NIMESHLLAMATYALLPATANLLLMALELLBIT
NIMESHLLAMATYALLPATANLLLMALELLBIT
N
NIMESHLLAMATYALLPATANLLLMALELLBIT
NIMESHLLAMATYALLPATANLLLMALELLBIT
NIMESHLLAMATYALLPATANLLLMALELLBIT
NIMESHLLAMATYALLPATANLLLMALELLBIT
NIMESHLLAMATYALLPATANLLLMALELLBIT
NIMESHLLAMATYALLPATANLLLMALELLBIT
NIMESHLLAMATYALLPATANLLLMALELLBIT
NIMESHLLAMATYALLPATANLLLMALELLBIT
NIMESHLLAMATYALLPATANLLLMALELLBIT
NIMESHLLAMATYALLPATANLLLMALELLBIT
NIMESHLLAMATYALLPATANLLLMALELLBIT
NIMESHLLAMATYALLPATANLLLMALELLBIT
NIMESHLLAMATYALLPATANLLLMALELLBIT
NIMESHLLAMATYALLPATANLLLMALELLBIT
NIMESHLLAMATYALLPATANLLLMALELLBIT
NIMESHLLAMATYALLPATANLLLMALELLBIT
NIMESHLLAMATYALLPATANLLLMALELLBIT
NIMESHLLAMATYALLPATANLLLMALELLBIT
NIMESHLLAMATYALLPATANLLLMALELLBIT
NIMESHLLAMATYALLPATANLLLMALELLBIT
NIMESHLLAMATYALLPATANLLLMALELLBIT
NIMESHLLAMATYALLPATANLLLMALELLBIT
NIMESHLLAMATYALLPATANLLLMALELLBIT
NIMESHLLAMATYALLPATANLLLMALELLBIT
NIMESHLLAMATYALLPATANLLLMALELLBIT
NIMESHLLAMATYALLPATANLLLMALELLBIT
NIMESHLLAMATYALLPATANLLLMALELLBIT
NIMESHLLAMATYALLPATANLLLMALELLBIT
NIMESHLLAMATYALLPATANLLLMALELLBIT
NIMESHLLAMATYALLPATANLLLMALELLBIT
NIMESHLLAMATYALLPATANLLLMALELLBIT
NIMESHLLAMATYALLPATANLLLMALELLBIT
NIMESHLLAMATYALLPATANLLLMALELLBIT
NIMESHLLAMATYALLPATANLLLMALELLBIT
NIMESHLLAMATYALLPATANLLLMALELLBIT
NIMESHLLAMATYALLPATANLLLMALELLBIT
NIMESHLLAMATYALLPATANLLLMALELLBIT
NIMESHLLAMATYALLPATANLLLMALELLBIT
NIMESHLLAMATYALLPATANLLLMALELLBIT
NIMESHLLAMATYALLPATANLLLMALELLBIT
NIMESHLLAMATYALLPATANLLLMALELLBIT
NIMESHLLAMATYALLPATANLLLMALELLBIT
NIMESHLLAMATYALLPATANLLLMALELLBIT
NIMESHLLAMATYALLPATANLLLMALELLBIT
NIMESHLLAMATYALLPATANLLLMALELLBIT
NIMESHLLAMATYALLPATANLLLMALELLBIT
NIMESHLLAMATYALLPATANLLLMALELLBIT
NIMESHLLAMATYALLPATANLLLMALELLBIT
NIMESHLLAMATYALLPATANLLLMALELLBIT
NIMESHLLAMATYALLPATANLLLMALELLBIT
NIMESHLLAMATYALLPATANLLLMALELLBIT
NIMESHLLAMATYALLPATANLLLMALELLBIT
NIMESHLLAMATYALLPATANLLLMALELLBIT
NIMESHLLAMATYALLPATANLLLMALELLBIT
NIMESHLLAMATYALLPATANLLLMALELLBIT
NIMESHLLAMATYALLPATANLLLMALELLBIT
NIMESHLLAMATYALLPATANLLLMALELLBIT
NIMESHLLAMATYALLPATANLLLMALELLBIT
NIMESHLLAMATYALLPATANLLLMALELLBIT
NIMESHLLAMATYALLPATANLLLMALELLBIT
NIMESHLLAMATYALLPATANLLLMALELLBIT
NIMESHLLAMATYALLPATANLLLMALELLBIT
NIMESHLLAMATYALLPATANLLLMALELLBIT
NIMESHLLAMATYALLPATANLLLMALELLBIT
NIMESHLLAMATYALLPATANLLLMALELLBIT
NIMESHLLAMATYALLPATANLLLMALELLBIT
NIMESHLLAMATYALLPATANLLLMALELLBIT
NIMESHLLAMATYALLPATANLLLMALELLBIT
NIMESHLLAMATYALLPATANLLLMALELLBIT
NIMESHLLAMATYALLPATANLLLMALELLBIT
NIMESHLLAMATYALLPATANLLLMALELLBIT
NIMESHLLAMATYALLPATANLLLMALELLBIT
NIMESHLLAMATYALLPATANLLLMALELLBIT
NIMESHLLAMATYALLPATANLLLMALELLBIT
NIMESHLLAMATYALLPATANLLLMALELLBIT
NIMESHLLAMATYALLPATANLLLMALELLBIT
NIMESHLLAMATYALLPATANLLLMALELLBIT
NIMESHLLAMATYALLPATANLLLMALELLBIT
NIMESHLLAMATYALLPATANLLLMALELLBIT
NIMESHLLAMATYALLPATANLLLMALELLBIT
NIMESHLLAMATYALLPATANLLLMALELLBIT
NIMESHLLAMATYALLPATANLLLMALELLBIT
NIMESHLLAMATYALLPATANLLLMALELLBIT
NIMESHLLAMATYALLPATANLLLMALELLBIT
NIMESHLLAMATYALLPATANLLLMALELLBIT
NIMESHLLAMATYALLPATANLLLMALELLBIT
NIMESHLLAMATYALLPATANLLLMALELLBIT
NIMESHLLAMATYALLPATANLLLMALELLBIT
NIMESHLLAMATYALLPATANLLLMALELLBIT
NIMESHLLAMATYALLPATANLLLMALELLBIT
NIMESHLLAMATYALLPATANLLLMALELLBIT
NIMESHLLAMATYALLPATANLLLMALELLBIT
NIMESHLLAMATYALLPATANLLLMALELLBIT
NIMESHLLAMATYALLPATANLLLMALELLBIT
NIMESHLLAMATYALLPATANLLLMALELLBIT
NIMESHLLAMATYALLPATANLLLMALELLBIT
NIMESHLLAMATYALLPATANLLLMALELLBIT
NIMESHLLAMATYALLPATANLLLMALELLBIT
NIMESHLLAMATYALLPATANLLLMALELLBIT
NIMESHLLAMATYALLPATANLLLMALELLBIT
NIMESHLLAMATYALLPATANLLLMALELLBIT
NIMESHLLAMATYALLPATANLLLMALELLBIT
NIMESHLLAMATYALLPATANLLLMALELLBIT
NIMESHLLAMATYALLPATANLLLMALELLBIT
NIMESHLLAMATYALLPATANLLLMALELLBIT
NIMESHLLAMATYALLPATANLLLMALELLBIT
NIMESHLLAMATYALLPATANLLLMALELLBIT
NIMESHLLAMATYALLPATANLLLMALELLBIT
NIMESHLLAMATYALLPATANLLLMALELLBIT
NIMESHLLAMATYALLPATANLLLMALELLBIT
NIMESHLLAMATYALLPATANLLLMALELLBIT
NIMESHLLAMATYALLPATANLLLMALELLBIT
NIMESHLLAMATYALLPATANLLLMALELLBIT
NIMESHLLAMATYALLPATANLLLMALELLBIT
NIMESHLLAMATYALLPATANLLLMALELLBIT
NIMESHLLAMATYALLPATANLLLMALELLBIT
NIMESHLLAMATYALLPATANLLLMALELLBIT
NIMESHLLAMATYALLPATANLLLMALELLBIT
NIMESHLLAMATYALLPATANLLLMALELLBIT
NIMESHLLAMATYALLPATANLLLMALELLBIT
NIMESHLLAMATYALLPATANLLLMALELLBIT
NIMESHLLAMATYALLPATANLLLMALELLBIT
NIMESHLLAMATYALLPATANLLLMALELLBIT
NIMESHLLAMATYALLPATANLLLMALELLBIT
NIMESHLLAMATYALLPATANLLLMALELLBIT
NIMESHLLAMATYALLPATANLLLMALELLBIT
NIMESHLLAMATYALLPATANLLLMALELLBIT
NIMESHLLAMATYALLPATANLLLMALELLBIT
NIMESHLLAMATYALLPATANLLLMALELLBIT
NIMESHLLAMATYALLPATANLLLMALELLBIT
NIMESHLLAMATYALLPATANLLLMALELLBIT
NIMESHLLAMATYALLPATANLLLMALELLBIT
NIMESHLLAMATYALLPATANLLLMALELLBIT
NIMESHLLAMATYALLPATANLLLMALELLBIT
NIMESHLLAMATYALLPATANLLLMALELLBIT
NIMESHLLAMATYALLPATANLLLMALELLBIT
NIMESHLLAMATYALLPATANLLLMALELLBIT
NIMESHLLAMATYALLPATANLLLMALELLBIT
NIMESHLLAMATYALLPATANLLLMALELLBIT
NIMESHLLAMATYALLPATANLLLMALELLBIT
NIMESHLLAMATYALLPATANLLLMALELLBIT
NIMESHLLAMATYALLPATANLLLMALELLBIT
NIMESHLLAMATYALLPATANLLLMALELLBIT
NIMESHLLAMATYALLPATANLLLMALELLBIT
NIMESHLLAMATYALLPATANLLLMALELLBIT
NIMESHLLAMATYALLPATANLLLMALELLBIT
NIMESHLLAMATYALLPATANLLLMALELLBIT
NIMESHLLAMATYALLPATANLLLMALELLBIT
NIMESHLLAMATYALLPATANLLLMALELLBIT
NIMESHLLAMATYALLPATANLLLMALELLBIT
NIMESHLLAMATYALLPATANLLLMALELLBIT
NIMESHLLAMATYALLPATANLLLMALELLBIT
NIMESHLLAMATYALLPATANLLLMALELLBIT
NIMESHLLAMATYALLPATANLLLMALELLBIT
NIMESHLLAMATYALLPATANLLLMALELLBIT
NIMESHLLAMATYALLPATANLLLMALELLBIT
NIMESHLLAMATYALLPATANLLLMALELLBIT
NIMESHLLAMATYALLPATANLLLMALELLBIT
NIMESHLLAMATYALLPATANLLLMALELLBIT
NIMESHLLAMATYALLPATANLLLMALELLBIT
NIMESHLLAMATYALLPATANLLLMALELLBIT
NIMESHLLAMATYALLPATANLLLMALELLBIT
NIMESHLLAMATYALLPATANLLLMALELLBIT
NIMESHLLAMATYALLPATANLLLMALELLBIT
NIMESHLLAMATYALLPATANLLLMALELLBIT
NIMESHLLAMATYALLPATANLLLMALELLBIT
NIMESHLLAMATYALLPATANLLLMALELLBIT
NIMESHLLAMATYALLPATANLLLMALELLBIT
NIMESHLLAMATYALLPATANLLLMALELLBIT
NIMESHLLAMATYALLPATANLLLMALELLBIT
NIMESHLLAMATYALLPATANLLLMALELLBIT
NIMESHLLAMATYALLPATANLLLMALELLBIT
NIMESHLLAMATYALLPATANLLLMALELLBIT
NIMESHLLAMATYALLPATANLLLMALELLBIT
NIMESHLLAMATYALLPATANLLLMALELLBIT
NIMESHLLAMATYALLPATANLLLMALELLBIT
NIMESHLLAMATYALLPATANLLLMALELLBIT
NIMESHLLAMATYALLPATANLLLMALELLBIT
NIMESHLLAMATYALLPATANLLLMALELLBIT
NIMESHLLAMATYALLPATANLLLMALELLBIT
NIMESHLLAMATYALLPATANLLLMALELLBIT
NIMESHLLAMATYALLPATANLLLMALELLBIT
NIMESHLLAMATYALLPATANLLLMALELLBIT
NIMESHLLAMATYALLPATANLLLMALELLBIT
NIMESHLLAMATYALLPATANLLLMALELLBIT
NIMESHLLAMATYALLPATANLLLMALELLBIT
NIMESHLLAMATYALLPATANLLLMALELLBIT
NIMESHLLAMATYALLPATANLLLMALELLBIT
NIMESHLLAMATYALLPATANLLLMALELLBIT
NIMESHLLAMATYALLPATANLLLMALELLBIT
NIMESHLLAMATYALLPATANLLLMALELLBIT
NIMESHLLAMATYALLPATANLLLMALELLBIT
NIMESHLLAMATYALLPATANLLLMALELLBIT
NIMESHLLAMATYALLPATANLLLMALELLBIT
NIMESHLLAMATYALLPATANLLLMALELLBIT
NIMESHLLAMATYALLPATANLLLMALELLBIT
NIMESHLLAMATYALLPATANLLLMALELLBIT
NIMESHLLAMATYALLPATANLLLMALELLBIT
NIMESHLLAMATYALLPATANLLLMALELLBIT
NIMESHLLAMATYALLPATANLLLMALELLBIT
NIMESHLLAMATYALLPATANLLLMALELLBIT
NIMESHLLAMATYALLPATANLLLMALELLBIT
NIMESHLLAMATYALLPATANLLLMALELLBIT
NIMESHLLAMATYALLPATANLLLMALELLBIT
NIMESHLLAMATYALLPATANLLLMALELLBIT
NIMESHLLAMATYALLPATANLLLMALELLBIT
NIMESHLLAMATYALLPATANLLLMALELLBIT
NIMESHLLAMATYALLPATANLLLMALELLBIT
NIMESHLLAMATYALLPATANLLLMALELLBIT
NIMESHLLAMATYALLPATANLLLMALELLBIT
NIMESHLLAMATYALLPATANLLLMALELLBIT
NIMESHLLAMATYALLPATANLLLMALELLBIT
NIMESHLLAMATYALLPATANLLLMALELLBIT
NIMESHLLAMATYALLPATANLLLMALELLBIT
NIMESHLLAMATYALLPATANLLLMALELLBIT
NIMESHLLAMATYALLPATANLLLMALELLBIT
NIMESHLLAMATYALLPATANLLLMALELLBIT
NIMESHLLAMATYALLPATANLLLMALELLBIT
NIMESHLLAMATYALLPATANLLLMALELLBIT
NIMESHLLAMATYALLPATANLLLMALELLBIT
NIMESHLLAMATYALLPATANLLLMALELLBIT
NIMESHLLAMATYALLPATANLLLMALELLBIT
NIMESHLLAMATYALLPATANLLLMALELLBIT
NIMESHLLAMATYALLPATANLLLMALELLBIT
NIMESHLLAMATYALLPATANLLLMALELLBIT
NIMESHLLAMATYALLPATANLLLMALELLBIT
NIMESHLLAMATYALLPATANLLLMALELLBIT
NIMESHLLAMATYALLPATANLLLMALELLBIT
NIMESHLLAMATYALLPATANLLLMALELLBIT
NIMESHLLAMATYALLPATANLLLMALELLBIT
NIMESHLLAMATYALLPATANLLLMALELLBIT
NIMESHLLAMATYALLPATANLLLMALELLBIT
NIMESHLLAMATYALLPATANLLLMALELLBIT
NIMESHLLAMATYALLPATANLLLMALELLBIT
NIMESHLLAMATYALLPATANLLLMALELLBIT
NIMESHLLAMATYALLPATANLLLMALELLBIT
NIMESHLLAMATYALLPATANLLLMALELLBIT
NIMESHLLAMATYALLPATANLLLMALELLBIT
NIMESHLLAMATYALLPATANLLLMALELLBIT
NIMESHLLAMATYALLPATANLLLMALELLBIT
NIMESHLLAMATYALLPATANLLLMALELLBIT
SDNDESHLACHARYALLALITPURMALELLLZP
SDNDESHLACHARYALLALITPURMALELLLZP
NIMESHLLAMATYALLPATANLLLMALELLBIT
SDNDESHLACHARYALLALITPURMALELLLZP
NIMESHLLAMATYALLPATANLLLMALELLBIT
SDNDESHLACHARYALLALITPURMALELLLZP
NIMESHLLAMATYALLPATANLLLMALELLBIT
SDNDESHLACHARYALLALITPURMALELLLZP
NIMESHLLAMATYALLPATANLLLMALELLBIT
SDNDESHLACHARYALLALITPURMALELLLZP
NIMESHLLAMATYALLPATANLLLMALELLBIT
SDNDESHLACHARYALLALITPURMALELLLZP
NIMESHLLAMATYALLPATANLLLMALELLBIT
SDNDESHLACHARYALLALITPURMALELLLZP
NIMESHLLAMATYALLPATANLLLMALELLBIT
SDNDESHLACHARYALLALITPURMALELLLZP
NIMESHLLAMATYALLPATANLLLMALELLBIT
SDNDESHLACHARYALLALITPURMALELLLZP
NIMESHLLAMATYALLPATANLLLMALELLBIT
NIMESHLLAMATYALLPATANLLLMALELLBIT
NIMESHLLAMATYALLPATANLLLMALELLBIT
NIMESHLLAMATYALLPATANLLLMALELLBIT
NIMESHLLAMATYALLPATANLLLMALELLBIT
NIMESHLLAMATYALLPATANLLLMALELLBIT
NIMESHLLAMATYALLPATANLLLMALELLBIT
NIMESHLLAMATYALLPATANLLLMALELLBIT
NIMESHLLAMATYALLPATANLLLMALELLBIT
LTLLLCTTLLLLLLULKLLLLLLLWLLLLLOLL
NIMESHLLAMATYALLPATANLLLMALELLBIT
SDNDESHLACHARYALLALITPURMALELLLZP
LTLLLCTTLLLLLLULKLLLLLLLWLLLLLOLL
NIMESHLLAMATYALLPATANLLLMALELLBIT
SDNDESHLACHARYALLALITPURMALELLLZP
SDNDESHLACHARYALLALITPURMALELLLZP
NIMESHLLAMATYALLPATANLLLMALELLBIT
SDNDESHLACHARYALLALITPURMALELLLZP
SDNDESHLACHARYALLALITPURMALELLLZP
SUNNYLLLAUNYLLLLSAULLLLLUAYLLLYAS
NIMESHLLAMATYALLPATANLLLMALELLBIT
SDNDESHLACHARYALLALITPURMALELLLZP
SDNDESHLACHARYALLALITPURMALELLLZP
SUNNYLLLAUNYLLLLSAULLLLLUAYLLLYAS
SUNNYLLLAUNYLLLLSAULLLLLUAYLLLYAS
NIMESHLLAMATYALLPATANLLLMALELLBIT
SDNDESHLACHARYALLALITPURMALELLLZP
SDNDESHLACHARYALLALITPURMALELLLZP
SUNNYLLLAUNYLLLLSAULLLLLUAYLLLYAS
SUNNYLLLAUNYLLLLSAULLLLLUAYLLLYAS
SUNNYLLLAUNYLLLLSAULLLLLUAYLLLYAS
NIMESHLLAMATYALLPATANLLLMALELLBIT
SDNDESHLACHARYALLALITPURMALELLLZP
SDNDESHLACHARYALLALITPURMALELLLZP
SUNNYLLLAUNYLLLLSAULLLLLUAYLLLYAS
SUNNYLLLAUNYLLLLSAULLLLLUAYLLLYAS
SUNNYLLLAUNYLLLLSAULLLLLUAYLLLYAS
SUNNYLLLAUNYLLLLSAULLLLLUAYLLLYAS
NIMESHLLAMATYALLPATANLLLMALELLBIT
NIMESHLLAMATYALLPATANLLLMALELLBIT
SDNDESHLACHARYALLALITPURMALELLLZP
SDNDESHLACHARYALLALITPURMALELLLZP
SUNNYLLLAUNYLLLLSAULLLLLUAYLLLYAS
SUNNYLLLAUNYLLLLSAULLLLLUAYLLLYAS
SUNNYLLLAUNYLLLLSAULLLLLUAYLLLYAS
SUNNYLLLAUNYLLLLSAULLLLLUAYLLLYAS
NIMESHLLAMATYALLPATANLLLMALELLBIT
NIMESHLLAMATYALLPATANLLLMALELLBIT
SDNDESHLACHARYALLALITPURMALELLLZP
SDNDESHLACHARYALLALITPURMALELLLZP
SUNNYLLLAUNYLLLLSAULLLLLUAYLLLYAS
SUNNYLLLAUNYLLLLSAULLLLLUAYLLLYAS
SUNNYLLLAUNYLLLLSAULLLLLUAYLLLYAS
SUNNYLLLAUNYLLLLSAULLLLLUAYLLLYAS
NIMESHLLAMATYALLPATANLLLMALELLBIT
NIMESHLLAMATYALLPATANLLLMALELLBIT
NIMESHLLAMATYALLPATANLLLMALELLBIT
NIMESHLLAMATYALLPATANLLLMALELLBIT
NIMESHLLAMATYALLPATANLLLMALELLBIT
NIMESHLLAMATYALLPATANLLLMALELLBIT
NIMESHLLAMATYALLPATANLLLMALELLBIT
NIMESHLLAMATYALLPATANLLLMALELLBIT
NIMESHLLAMATYALLPATANLLLMALELLBIT
NIMESHLLAMATYALLPATANLLLMALELLBIT
NIMESHLLAMATYALLPATANLLLMALELLBIT
NIMESHLLAMATYALLPATANLLLMALELLBIT
NIMESHLLAMATYALLPATANLLLMALELLBIT
NIMESHLLAMATYALLPATANLLLMALELLBIT
NIMESHLLAMATYALLPATANLLLMALELLBIT
NIMESHLLAMATYALLPATANLLLMALELLBIT
NIMESHLLAMATYALLPATANLLLMALELLBIT
NIMESHLLAMATYALLPATANLLLMALELLBIT
NIMESHLLAMATYALLPATANLLLMALELLBIT
NIMESHLLAMATYALLPATANLLLMALELLBIT
SDNDESHLACHARYALLALITPURMALELLLZP
NIMESHLLAMATYALLPATANLLLMALELLBIT
NIMESHLLAMATYALLPATANLLLMALELLBIT
NIMESHLLAMATYALLPATANLLLMALELLBIT
NIMESHLLAMATYALLPATANLLLMALELLBIT
NIMESHLLAMATYALLPATANLLLMALELLBIT
SDNDESHLACHARYALLALITPURMALELLLZP
SDNDESHLACHARYALLALITPURMALELLLZP
NIMESHLLAMATYALLPATANLLLMALELLBIT
NIMESHLLAMATYALLPATANLLLMALELLBIT
NIMESHLLAMATYALLPATANLLLMALELLBIT
NIMESHLLAMATYALLPATANLLLMALELLBIT
NIMESHLLAMATYALLPATANLLLMALELLBIT
NIMESHLLAMATYALLPATANLLLMALELLBIT
SDNDESHLACHARYALLALITPURMALELLLZP
SDNDESHLACHARYALLALITPURMALELLLZP
NIMESHLLAMATYALLPATANLLLMALELLBIT
NIMESHLLAMATYALLPATANLLLMALELLBIT
NIMESHLLAMATYALLPATANLLLMALELLBIT
NIMESHLLAMATYALLPATANLLLMALELLBIT
NIMESHLLAMATYALLPATANLLLMALELLBIT
NIMESHLLAMATYALLPATANLLLMALELLBIT
NIMESHLLAMATYALLPATANLLLMALELLBIT
SDNDESHLACHARYALLALITPURMALELLLZP
SDNDESHLACHARYALLALITPURMALELLLZP
NIMESHLLAMATYALLPATANLLLMALELLBIT
NIMESHLLAMATYALLPATANLLLMALELLBIT
NIMESHLLAMATYALLPATANLLLMALELLBIT
SDNDESHLACHARYALLALITPURMALELLLZP
NIMESHLLAMATYALLPATANLLLMALELLBIT
NIMESHLLAMATYALLPATANLLLMALELLBIT
SDNDESHLACHARYALLALITPURMALELLLZP
NIMESHLLAMATYALLPATANLLLMALELLBIT
NIMESHLLAMATYALLPATANLLLMALELLBIT
NIMESHLLAMATYALLPATANLLLMALELLBIT
NIMESHLLAMATYALLPATANLLLMALELLBIT
SDNDESHLACHARYALLALITPURMALELLLZP
NIMESHLLAMATYALLPATANLLLMALELLBIT
NIMESHLLAMATYALLPATANLLLMALELLBIT
SDNDESHLACHARYALLALITPURMALELLLZP
SDNDESHLACHARYALLALITPURMALELLLZP
NIMESHLLAMATYALLPATANLLLMALELLBIT
NIMESHLLAMATYALLPATANLLLMALELLBIT
NIMESHLLAMATYALLPATANLLLMALELLBIT
SDNDESHLACHARYALLALITPURMALELLLZP
SDNDESHLACHARYALLALITPURMALELLLZP
NIMESHLLAMATYALLPATANLLLMALELLBIT
NIMESHLLAMATYALLPATANLLLMALELLBIT
SDNDESHLACHARYALLALITPURMALELLLZP
LLLCLLTLLLLTYULLLLLLLLLLLLLLLLLLL
NIMESHLLAMATYALLPATANLLLMALELLBIT
SDNDESHLACHARYALLALITPURMALELLLZP
LLLCLLTLLLLTYULLLLLLLLLLLLLLLLLLL
NIMESHLLAMATYALLPATANLLLMALELLBIT
SDNDESHLACHARYALLALITPURMALELLLZP
NIMESHLLAMATYALLPATANLLLMALELLBIT
NIMESHLLAMATYALLPATANLLLMALELLBIT
NIMESHLLAMATYALLPATANLLLMALELLBIT
NIMESHLLAMATYALLPATANLLLMALELLBIT
NIMESHLLAMATYALLPATANLLLMALELLBIT
SDNDESHLACHARYALLALITPURMALELLLZP
NIMESHLLAMATYALLPATANLLLMALELLBIT
NIMESHLLAMATYALLPATANLLLMALELLBIT
NIMESHLLAMATYALLPATANLLLMALELLBIT
SDNDESHLACHARYALLALITPURMALELLLZP
NIMESHLLAMATYALLPATANLLLMALELLBIT
NLBMSLLLSUTRCLLQKCLOAEYLECMQLCQIT
NIMESHLLAMATYALLPATANLLLMALELLBIT
NLBMSLLLSUTRCLLQKCLOAEYLECMQLCQIT
NIMESHLLAMATYALLPATANLLLMALELLBIT
NAEMTLLLSHRESTHAKALANKILEEMALEBIT
NIMESHLLAMATYALLPATANLLLMALELLBIT
NAEMTLLLSHRESTHAKALANKILEEMALEBIT
NIMESHLLAMATYALLPATANLLLMALELLBIT
SDNDESHLACHARYALLALITPURMALELLLZP
NAEMTLLLSHRESTHAKALANKILEEMALEBIT
NAEMTLLLSHRESTHAKALANKILEEMALEBIT
NAEMTLLLSHRESTHAKALANKILEEMALEBIT
NAEMTLLLSHRESTHAKALANKILEEMALEBIT
NAEMTLLLSHRESTHAKALANKILEEMALEBIT
NIMESHLLAMATYALLPATANLLLMALELLBIT
SDNDESHLACHARYALLALITPURMALELLLZP
NAEMTLLLSHRESTHAKALANKILEEMALEBIT
NIMESHLLAMATYALLPATANLLLMALELLBIT
NAEMTLLLSHRESTHAKALANKILEEMALEBIT
NIMESHLLAMATYALLPATANLLLMALELLBIT
NAEMTLLLSHRESTHAKALANKILEEMALEBIT
NIMESHLLAMATYALLPATANLLLMALELLBIT
SDNDESHLACHARYALLALITPURMALELLLZP
NIMESHLLAMATYALLPATANLLLMALELLBIT
NIMESHLLAMATYALLPATANLLLMALELLBIT
SDNDESHLACHARYALLALITPURMALELLLZP
NAEMTLLLSHRESTHAKALANKILEEMALEBIT
NIMESHLLAMATYALLPATANLLLMALELLBIT
NIMESHLLAMATYALLPATANLLLMALELLBIT
SDNDESHLACHARYALLALITPURMALELLLZP
NIMESHLLAMATYALLPATANLLLMALELLBIT
NIMESHLLAMATYALLPATANLLLMALELLBIT
SDNDESHLACHARYALLALITPURMALELLLZP
NIMESHLLAMATYALLPATANLLLMALELLBIT
NIMESHLLAMATYALLPATANLLLMALELLBIT
SDNDESHLACHARYALLALITPURMALELLLZP
WWWWWWWWWWWWWWWWWWWWWWWWWWWWWWWWW
NIMESHLLAMATYALLPATANLLLMALELLBIT
SDNDESHLACHARYALLALITPURMALELLLZP
